ID,X,date,month,day,year,site,County,total,net_hours,capture_rate,wns,site1,long,lat,julian,elev,city,water,town,road,highway,protect,urban,forest,farm,anthro,all,CORA,EPFU,LANO,LABO,LACI,MYGR,MYLE,MYLU,MYSE,MYSO,PESU,MYSP,known,Unknown
207,1,8/7/2000,8,7,2000,Pigeon River/Twelve Mile,Haywood,19,15,1.266666667,pre,pigeon,-83.02490587,35.73228615,84,569.6434014,44.73876252,0.016843061,24.50869573,0.072432153,0.072432153,21.43054305,no,no,no,no,1.266666667,0,0,0,0,0,0,0,0.666666667,0.066666667,0,0.533333333,0,1.266666667,0
208,2,8/8/2000,8,8,2000,Pigeon River/Twelve Mile,Haywood,10,15,0.666666667,pre,pigeon,-83.02490587,35.73228615,85,569.6434014,44.73876252,0.016843061,24.50869573,0.072432153,0.072432153,21.43054305,no,no,no,no,0.666666667,0,0,0,0.2,0,0,0,0.4,0,0,0.066666667,0,0.666666667,0
875,3,5/16/2001,5,16,2001,A-0009 Site N (FS 404),Graham,10,35,0.285714286,pre,fs404,-83.69866445,35.35516704,16,686.3761048,106.5770294,6.388193532,20.55949066,0.011669735,6.85741212,5.79216118,no,yes,yes,yes,0.285714286,0,0,0,0.028571429,0,0,0,0,0.257142857,0,0,0,0.285714286,0
918,4,6/30/2001,6,30,2001,Pigeon River/Twelve Mile,Haywood,70,12,5.833333333,pre,pigeon,-83.02490587,35.73228615,46,569.6434014,44.73876252,0.016843061,24.50869573,0.072432153,0.072432153,21.43054305,no,no,no,no,5.833333333,0,0,0,1.75,0,0,0,2.083333333,0.25,0,1.75,0,5.833333333,0
797,5,8/14/2001,8,14,2001,Nantahala Dam Road,Macon,68,12,5.666666667,pre,nandam,-83.65521478,35.19898384,91,922.5845779,108.8871842,0.021809305,15.24869482,1.264022583,6.70826759,5.957018599,no,yes,yes,yes,5.666666667,0,0.083333333,0,1.333333333,0,0,0.083333333,1.25,1.5,0,1.416666667,0,5.666666667,0
798,6,8/15/2001,8,15,2001,Nantahala Dam Road,Macon,24,10,2.4,pre,nandam,-83.65521478,35.19898384,92,922.5845779,108.8871842,0.021809305,15.24869482,1.264022583,6.70826759,5.957018599,no,yes,yes,yes,2.4,0,0,0,0.4,0,0,0.1,0.5,0.9,0,0.5,0,2.4,0
240,7,6/30/2002,6,30,2002,Alarka Laurel 1,Swain,16,8,2,pre,alarka,-83.35223996,35.33817087,46,1245.047242,77.60157137,7.527673863,12.05086615,2.20725322,7.542582761,1.657052149,no,yes,yes,yes,2,0,0,0,1.375,0.125,0,0.125,0.25,0.125,0,0,0,2,0
158,8,6/30/2002,6,30,2002,Nantahala River Bike Path,Macon,2,6,0.333333333,pre,nanriv,-83.67235065,35.28247084,46,599.8171289,106.7723152,0.010210332,16.40188765,0.084471906,0.084471906,7.738498158,no,yes,no,no,0.333333333,0,0.166666667,0,0.166666667,0,0,0,0,0,0,0,0,0.333333333,0
151,9,7/24/2003,7,24,2003,Big Indian Creek,Macon,1,8,0.125,pre,bigind,-83.51028595,35.04443481,70,1070.100579,106.3431807,0.034296445,19.32496387,6.16994825,7.006409144,2.65649465,no,no,no,no,0.125,0,0,0,0,0,0,0,0,0,0,0,0,0,1
153,10,7/29/2003,7,29,2003,Nantahala River Bike Path,Macon,24,8,3,pre,nanriv,-83.67235065,35.28247084,75,599.8171289,106.7723152,0.010210332,16.40188765,0.084471906,0.084471906,7.738498158,no,yes,no,no,3,0,2,0,0.25,0,0,0,0.5,0.25,0,0,0,3,0
154,11,8/5/2003,8,5,2003,Alarka Laurel 1,Swain,4,9,0.444444444,pre,alarka,-83.35223996,35.33817087,82,1245.047242,77.60157137,7.527673863,12.05086615,2.20725322,7.542582761,1.657052149,no,yes,yes,yes,0.444444444,0,0,0,0.111111111,0.111111111,0,0,0.111111111,0.111111111,0,0,0,0.444444444,0
155,12,8/11/2003,8,11,2003,Big Indian Creek,Macon,7,12,0.583333333,pre,bigind,-83.51028595,35.04443481,88,1070.100579,106.3431807,0.034296445,19.32496387,6.16994825,7.006409144,2.65649465,no,no,no,no,0.583333333,0,0,0,0.333333333,0,0,0,0.083333333,0.083333333,0,0.083333333,0,0.583333333,0
686,13,5/21/2004,5,21,2004,Ray's Branch,Macon,4,4,1,pre,raysbr,-83.54349097,35.19694875,21,872.5998171,99.91651194,8.550260562,14.71342357,1.537849676,7.399609206,1.308110053,no,yes,no,no,1,0,0,0,0.5,0,0,0.25,0,0.25,0,0,0,1,0
166,14,5/29/2004,5,29,2004,Alarka Laurel 1,Swain,3,4,0.75,pre,alarka,-83.35223996,35.33817087,29,1245.047242,77.60157137,7.527673863,12.05086615,2.20725322,7.542582761,1.657052149,no,yes,yes,yes,0.75,0,0,0,0.5,0,0,0,0,0.25,0,0,0,0.75,0
687,15,6/2/2004,6,2,2004,Ray's Branch,Macon,17,12,1.416666667,pre,raysbr,-83.54349097,35.19694875,18,872.5998171,99.91651194,8.550260562,14.71342357,1.537849676,7.399609206,1.308110053,no,yes,no,no,1.416666667,0,0.583333333,0,0.083333333,0,0,0,0,0.666666667,0,0,0,1.333333333,1
688,16,7/10/2004,7,10,2004,Ray's Branch,Macon,14,6,2.333333333,pre,raysbr,-83.54349097,35.19694875,56,872.5998171,99.91651194,8.550260562,14.71342357,1.537849676,7.399609206,1.308110053,no,yes,no,no,2.333333333,0,0.666666667,0,0.333333333,0,0,0,0,0.833333333,0,0.333333333,0,2.166666667,1
165,17,7/20/2004,7,20,2004,Alarka Laurel 1,Swain,27,24,1.125,pre,alarka,-83.35223996,35.33817087,66,1245.047242,77.60157137,7.527673863,12.05086615,2.20725322,7.542582761,1.657052149,no,yes,yes,yes,1.125,0,0.166666667,0,0.541666667,0,0,0,0.208333333,0.208333333,0,0,0,1.125,0
157,18,7/21/2004,7,21,2004,Big Indian Creek,Macon,8,12,0.666666667,pre,bigind,-83.51028595,35.04443481,67,1070.100579,106.3431807,0.034296445,19.32496387,6.16994825,7.006409144,2.65649465,no,no,no,no,0.666666667,0,0.083333333,0,0.333333333,0,0,0,0.083333333,0.083333333,0,0.083333333,0,0.666666667,0
689,19,5/16/2005,5,16,2005,Ray's Branch,Macon,4,8,0.5,pre,raysbr,-83.54349097,35.19694875,16,872.5998171,99.91651194,8.550260562,14.71342357,1.537849676,7.399609206,1.308110053,no,yes,no,no,0.5,0,0,0,0,0,0,0.125,0,0.25,0,0.125,0,0.5,0
690,20,6/5/2005,6,5,2005,Ray's Branch,Macon,1,6,0.166666667,pre,raysbr,-83.54349097,35.19694875,21,872.5998171,99.91651194,8.550260562,14.71342357,1.537849676,7.399609206,1.308110053,no,yes,no,no,0.166666667,0,0,0,0,0,0,0,0,0.166666667,0,0,0,0.166666667,0
461,21,7/12/2005,7,12,2005,Pigeon River/Twelve Mile,Haywood,7,10,0.7,pre,pigeon,-83.02490587,35.73228615,58,569.6434014,44.73876252,0.016843061,24.50869573,0.072432153,0.072432153,21.43054305,no,no,no,no,0.7,0,0,0,0,0,0.2,0,0.4,0,0,0,0.1,0.7,0
462,22,7/13/2005,7,13,2005,Pigeon River/Twelve Mile,Haywood,13,8,1.625,pre,pigeon,-83.02490587,35.73228615,59,569.6434014,44.73876252,0.016843061,24.50869573,0.072432153,0.072432153,21.43054305,no,no,no,no,1.625,0,0,0,0,0,0,0,1.625,0,0,0,0,1.625,0
691,23,7/17/2005,7,17,2005,Ray's Branch,Macon,5,8,0.625,pre,raysbr,-83.54349097,35.19694875,63,872.5998171,99.91651194,8.550260562,14.71342357,1.537849676,7.399609206,1.308110053,no,yes,no,no,0.625,0,0.375,0,0,0,0,0,0,0.25,0,0,0,0.625,0
161,24,7/25/2005,7,25,2005,Alarka Laurel 1,Swain,20,20,1,pre,alarka,-83.35223996,35.33817087,71,1245.047242,77.60157137,7.527673863,12.05086615,2.20725322,7.542582761,1.657052149,no,yes,yes,yes,1,0,0.1,0.05,0.2,0.15,0,0,0.2,0.2,0,0.1,0,1,0
168,25,8/10/2005,8,10,2005,Alarka Laurel 1,Swain,17,24,0.708333333,pre,alarka,-83.35223996,35.33817087,87,1245.047242,77.60157137,7.527673863,12.05086615,2.20725322,7.542582761,1.657052149,no,yes,yes,yes,0.708333333,0,0.166666667,0,0.25,0.125,0,0,0.083333333,0.041666667,0,0.041666667,0,0.708333333,0
692,26,8/27/2005,8,27,2005,Ray's Branch,Macon,6,8,0.75,pre,raysbr,-83.54349097,35.19694875,104,872.5998171,99.91651194,8.550260562,14.71342357,1.537849676,7.399609206,1.308110053,no,yes,no,no,0.75,0,0,0,0.625,0,0,0,0,0,0,0.125,0,0.75,0
693,27,5/9/2006,5,9,2006,Ray's Branch,Macon,1,12,0.083333333,pre,raysbr,-83.54349097,35.19694875,9,872.5998171,99.91651194,8.550260562,14.71342357,1.537849676,7.399609206,1.308110053,no,yes,no,no,0.083333333,0,0,0,0,0,0,0,0,0,0,0,0,0,1
694,28,6/16/2006,6,16,2006,Ray's Branch,Macon,9,12,0.75,pre,raysbr,-83.54349097,35.19694875,32,872.5998171,99.91651194,8.550260562,14.71342357,1.537849676,7.399609206,1.308110053,no,yes,no,no,0.75,0,0.416666667,0,0,0,0,0.083333333,0,0.166666667,0,0.083333333,0,0.75,0
24,29,6/22/2006,6,22,2006,Davidson River/Pisgah Education Center,Transylvania,21,9,2.333333333,pre,davids,-82.79113201,35.28446654,38,712.2828406,41.3553724,7.661548481,7.673378346,0.115026873,2.039609635,1.521593485,no,yes,no,no,2.333333333,0,0,0,0.111111111,0,0,0,1.888888889,0.111111111,0,0.222222222,0,2.333333333,0
695,30,6/29/2006,6,29,2006,Ray's Branch,Macon,9,8,1.125,pre,raysbr,-83.54349097,35.19694875,45,872.5998171,99.91651194,8.550260562,14.71342357,1.537849676,7.399609206,1.308110053,no,yes,no,no,1.125,0,0.375,0,0,0,0,0,0.125,0.625,0,0,0,1.125,0
27,31,7/6/2006,7,6,2006,Nantahala Dam Road,Macon,8,10,0.8,pre,nandam,-83.65521478,35.19898384,52,922.5845779,108.8871842,0.021809305,15.24869482,1.264022583,6.70826759,5.957018599,no,yes,yes,yes,0.8,0,0.1,0,0.1,0,0,0.4,0.1,0.1,0,0,0,0.8,0
16,32,7/12/2006,7,12,2006,Alarka Laurel 1,Swain,11,40,0.275,pre,alarka,-83.35223996,35.33817087,58,1245.047242,77.60157137,7.527673863,12.05086615,2.20725322,7.542582761,1.657052149,no,yes,yes,yes,0.275,0,0.05,0,0.075,0.025,0,0.025,0.05,0.05,0,0,0,0.275,0
544,33,7/13/2006,7,13,2006,Hurricane Creek,Haywood,13,20,0.65,pre,hurric,-82.98750634,35.72972781,59,818.6528497,41.48408529,3.289134947,23.03106293,2.731999908,3.170537422,19.04988475,no,yes,no,no,0.65,0.25,0,0,0,0,0,0,0,0.3,0,0.1,0,0.65,0
35,34,7/17/2006,7,17,2006,Pigeon River/Twelve Mile,Haywood,5,12,0.416666667,pre,pigeon,-83.02490587,35.73228615,63,569.6434014,44.73876252,0.016843061,24.50869573,0.072432153,0.072432153,21.43054305,no,no,no,no,0.416666667,0,0,0,0,0,0.083333333,0,0.25,0,0,0.083333333,0,0.416666667,0
18,35,7/26/2006,7,26,2006,Cherokee Tribal Hatchery,Swain,4,10,0.4,pre,cherok,-83.24257354,35.57920293,72,804.6327339,61.89522073,1.439252158,23.04942194,5.649311643,5.649311643,16.64183653,no,yes,no,no,0.4,0,0,0,0.2,0,0,0,0.2,0,0,0,0,0.4,0
169,36,8/28/2006,8,28,2006,Alarka Laurel 1,Swain,17,4,4.25,pre,alarka,-83.35223996,35.33817087,105,1245.047242,77.60157137,7.527673863,12.05086615,2.20725322,7.542582761,1.657052149,no,yes,yes,yes,4.25,0,0.25,0,2.75,0,0,0,0.5,0,0,0.75,0,4.25,0
46,37,6/28/2007,6,28,2007,Davidson River/Pisgah Education Center,Transylvania,20,4,5,pre,davids,-82.79113201,35.28446654,44,712.2828406,41.3553724,7.661548481,7.673378346,0.115026873,2.039609635,1.521593485,no,yes,no,no,5,0,0,0,0.5,0,0,0,4.5,0,0,0,0,5,0
195,38,6/30/2007,6,30,2007,Alarka Laurel 1,Swain,9,9,1,pre,alarka,-83.35223996,35.33817087,46,1245.047242,77.60157137,7.527673863,12.05086615,2.20725322,7.542582761,1.657052149,no,yes,yes,yes,1,0,0,0,0.444444444,0.222222222,0,0,0.222222222,0.111111111,0,0,0,1,0
545,39,7/9/2007,7,9,2007,Hurricane Creek,Haywood,8,4,2,pre,hurric,-82.98750634,35.72972781,55,818.6528497,41.48408529,3.289134947,23.03106293,2.731999908,3.170537422,19.04988475,no,yes,no,no,2,0.5,0,0,0,0,0,0,0.25,1,0,0.25,0,2,0
38,40,7/11/2007,7,11,2007,Davidson River/Pisgah Education Center,Transylvania,13,2,6.5,pre,davids,-82.79113201,35.28446654,57,712.2828406,41.3553724,7.661548481,7.673378346,0.115026873,2.039609635,1.521593485,no,yes,no,no,6.5,0,0,0,0,0,0,0,5.5,0,0,1,0,6.5,0
696,41,7/22/2007,7,22,2007,Ray's Branch,Macon,8,6,1.333333333,pre,raysbr,-83.54349097,35.19694875,68,872.5998171,99.91651194,8.550260562,14.71342357,1.537849676,7.399609206,1.308110053,no,yes,no,no,1.333333333,0,0.5,0,0,0,0,0,0,0.666666667,0,0,0.166666667,1.333333333,0
52,42,7/25/2007,7,25,2007,Davidson River/Pisgah Education Center,Transylvania,21,2,10.5,pre,davids,-82.79113201,35.28446654,71,712.2828406,41.3553724,7.661548481,7.673378346,0.115026873,2.039609635,1.521593485,no,yes,no,no,10.5,0,0,0,0.5,0,0,0,9.5,0.5,0,0,0,10.5,0
612,43,7/26/2007,7,26,2007,Cherokee Tribal Hatchery,Swain,1,6,0.166666667,pre,cherok,-83.24257354,35.57920293,72,804.6327339,61.89522073,1.439252158,23.04942194,5.649311643,5.649311643,16.64183653,no,yes,no,no,0.166666667,0,0,0,0,0,0,0,0,0,0,0,0,0,0.166666667
872,44,5/19/2008,5,19,2008,A-0009 Site A - Carver Pond,Graham,1,24,0.041666667,pre,carver,-83.77328364,35.32819402,19,635.7817738,113.8657825,3.003316293,14.87281081,0.065346956,2.667097343,8.4942852,yes,yes,yes,yes,0.041666667,0,0,0,0,0,0,0,0,0,0,0,0,0,1
61,45,5/28/2008,5,28,2008,North Shoals Creek/FS 408,Cherokee,1,15,0.066666667,pre,shoals,-84.19098547,35.2177205,28,689.4239561,153.4973115,4.380351476,20.28644135,1.50190801,20.20614973,11.77991947,no,yes,no,no,0.066666667,0,0,0,0,0,0,0,0,0,0.066666667,0,0,0.066666667,0
75,46,6/2/2008,6,2,2008,John's Branch/FS 81C,Graham,8,18,0.444444444,pre,johnsb,-84.0055461,35.34360772,18,1129.838464,133.7188154,6.179932667,22.80106404,1.873425578,12.52719575,4.403928074,no,yes,no,no,0.444444444,0,0,0.111111111,0.166666667,0.055555556,0,0,0,0.055555556,0.055555556,0,0,0.444444444,0
76,47,6/3/2008,6,3,2008,John's Branch/FS 81C,Graham,1,36,0.027777778,pre,johnsb,-84.0055461,35.34360772,19,1129.838464,133.7188154,6.179932667,22.80106404,1.873425578,12.52719575,4.403928074,no,yes,no,no,0.027777778,0,0,0,0,0,0,0,0,0.027777778,0,0,0,0.027777778,0
613,48,6/6/2008,6,6,2008,Cherokee Tribal Hatchery,Swain,10,8,1.25,pre,cherok,-83.24257354,35.57920293,22,804.6327339,61.89522073,1.439252158,23.04942194,5.649311643,5.649311643,16.64183653,no,yes,no,no,1.25,0,0,0,0.125,0,0,0,0.375,0.25,0,0.5,0,1.25,0
650,49,6/7/2008,6,7,2008,Jenkins Creek,Jackson,20,8,2.5,pre,jenkin,-83.21463223,35.49248706,23,1067.052728,60.600098,6.371971994,13.33320023,1.591659692,1.591659692,20.7660615,no,yes,no,no,2.5,0,0.375,0.25,0.75,0,0,0.125,0,0.875,0,0.125,0,2.5,0
610,50,6/8/2008,6,8,2008,Alarka Laurel 1,Swain,15,4,3.75,pre,alarka,-83.35223996,35.33817087,24,1245.047242,77.60157137,7.527673863,12.05086615,2.20725322,7.542582761,1.657052149,no,yes,yes,yes,3.75,0,0,2.5,0.25,0.25,0,0,0.75,0,0,0,0,3.75,0
77,51,6/17/2008,6,17,2008,John's Branch/FS 81C,Graham,2,12,0.166666667,pre,johnsb,-84.0055461,35.34360772,33,1129.838464,133.7188154,6.179932667,22.80106404,1.873425578,12.52719575,4.403928074,no,yes,no,no,0.166666667,0,0,0,0,0,0,0,0.083333333,0.083333333,0,0,0,0.166666667,0
614,52,6/21/2008,6,21,2008,Cherokee Tribal Hatchery,Swain,10,30,0.333333333,pre,cherok,-83.24257354,35.57920293,37,804.6327339,61.89522073,1.439252158,23.04942194,5.649311643,5.649311643,16.64183653,no,yes,no,no,0.333333333,0,0,0,0.1,0.033333333,0,0,0.133333333,0.033333333,0,0.033333333,0,0.333333333,0
185,53,6/23/2008,6,23,2008,Bunches Creek Gate,Swain,18,28,0.642857143,pre,bunche,-83.20646891,35.53413035,39,1007.010058,59.09696292,4.532288268,18.04118338,1.538859976,1.538859976,20.12817617,no,no,no,no,0.642857143,0.035714286,0.035714286,0.035714286,0.25,0.035714286,0,0.035714286,0.071428571,0.107142857,0,0.035714286,0,0.642857143,0
186,54,6/30/2008,6,30,2008,Bunches Creek Gate,Swain,7,16,0.4375,pre,bunche,-83.20646891,35.53413035,46,1007.010058,59.09696292,4.532288268,18.04118338,1.538859976,1.538859976,20.12817617,no,no,no,no,0.4375,0,0,0,0,0,0,0,0.25,0.125,0,0.0625,0,0.4375,0
670,55,7/2/2008,7,2,2008,North Shoals Creek/FS 408,Cherokee,18,9,2,pre,shoals,-84.19098547,35.2177205,48,689.4239561,153.4973115,4.380351476,20.28644135,1.50190801,20.20614973,11.77991947,no,yes,no,no,2,0,0.222222222,0,0.111111111,0,0,0,0,1.333333333,0.111111111,0.111111111,0.111111111,2,0
759,56,7/3/2008,7,3,2008,Shuler Creek,Cherokee,24,16,1.5,pre,shuler,-84.22640063,35.23275203,49,487.9609875,156.0945589,6.262984041,23.74684305,0.398400815,22.64926487,15.24241362,no,no,no,no,1.5,0,0.75,0,0.3125,0,0,0,0,0.25,0.0625,0.125,0,1.5,0
651,57,7/14/2008,7,14,2008,Jenkins Creek,Jackson,25,16,1.5625,pre,jenkin,-83.21463223,35.49248706,60,1067.052728,60.600098,6.371971994,13.33320023,1.591659692,1.591659692,20.7660615,no,yes,no,no,1.5625,0.0625,0,0,0.8125,0,0,0,0.0625,0.5,0,0.125,0,1.5625,0
876,58,7/21/2008,7,21,2008,A-0009 Site N (FS 404),Graham,37,20,1.85,pre,fs404,-83.69866445,35.35516704,67,686.3761048,106.5770294,6.388193532,20.55949066,0.011669735,6.85741212,5.79216118,no,yes,yes,yes,1.85,0,1.4,0,0.2,0,0,0,0.05,0.1,0,0.05,0,1.8,1
79,59,7/23/2008,7,23,2008,Davidson River/Pisgah Education Center,Transylvania,25,2,12.5,pre,davids,-82.79113201,35.28446654,69,712.2828406,41.3553724,7.661548481,7.673378346,0.115026873,2.039609635,1.521593485,no,yes,no,no,12.5,0,0,0,0,0,0,0,7,3.5,0,2,0,12.5,0
671,60,8/3/2008,8,3,2008,North Shoals Creek/FS 408,Cherokee,33,12,2.75,pre,shoals,-84.19098547,35.2177205,80,689.4239561,153.4973115,4.380351476,20.28644135,1.50190801,20.20614973,11.77991947,no,yes,no,no,2.75,0,1.583333333,0,0.75,0,0,0,0,0.333333333,0,0.083333333,0,2.75,0
196,61,8/5/2008,8,5,2008,Alarka Laurel 1,Swain,58,15,3.866666667,pre,alarka,-83.35223996,35.33817087,82,1245.047242,77.60157137,7.527673863,12.05086615,2.20725322,7.542582761,1.657052149,no,yes,yes,yes,3.866666667,0,0.266666667,0.133333333,1.466666667,0.066666667,0,0.266666667,0.8,0.533333333,0,0.333333333,0,3.866666667,0
139,62,8/7/2008,8,7,2008,Cold Knob/FS 479H,Buncombe,35,16,2.1875,pre,coldkn,-82.64444762,35.47174946,84,692.1670222,16.59045102,5.50929848,12.52694086,1.331714747,1.331714747,1.497760067,no,no,no,no,2.1875,0,1.125,0,0.75,0,0,0,0,0.25,0,0.0625,0,2.1875,0
804,63,6/1/2009,6,1,2009,Shuler Creek,Cherokee,17,16,1.0625,pre,shuler,-84.22640063,35.23275203,17,487.9609875,156.0945589,6.262984041,23.74684305,0.398400815,22.64926487,15.24241362,no,no,no,no,1.0625,0,0,0.4375,0.3125,0,0,0,0,0.0625,0.1875,0.0625,0,1.0625,0
805,64,6/6/2009,6,6,2009,Shuler Creek,Cherokee,9,16,0.5625,pre,shuler,-84.22640063,35.23275203,22,487.9609875,156.0945589,6.262984041,23.74684305,0.398400815,22.64926487,15.24241362,no,no,no,no,0.5625,0,0.125,0.125,0.125,0,0,0,0,0.0625,0.125,0,0,0.5625,0
877,65,6/8/2009,6,8,2009,A-0009 Site N (FS 404),Graham,39,20,1.95,pre,fs404,-83.69866445,35.35516704,24,686.3761048,106.5770294,6.388193532,20.55949066,0.011669735,6.85741212,5.79216118,no,yes,yes,yes,1.95,0,1.2,0.05,0.15,0,0,0,0,0.25,0,0.3,0,1.95,0
818,66,6/15/2009,6,15,2009,Twentymile 2,Swain,18,4,4.5,pre,twenty,-83.87153831,35.46796293,31,504.1145992,119.3597979,0.756523104,30.0987815,0.68799813,4.354160834,13.31682224,yes,no,no,yes,4.5,0,0,0,0,0,0,0,3.75,0,0.5,0,0,4.25,1
898,67,6/18/2009,6,18,2009,Twentymile 2,Swain,10,6,1.666666667,pre,twenty,-83.87153831,35.46796293,34,504.1145992,119.3597979,0.756523104,30.0987815,0.68799813,4.354160834,13.31682224,yes,no,no,yes,1.666666667,0.166666667,0,0,0.166666667,0,0,0,0.833333333,0.166666667,0.166666667,0.166666667,0,1.666666667,0
815,68,7/10/2009,7,10,2009,Scrougetown,Swain,11,20,0.55,pre,scroug,-83.834753,35.455764,56,502.8954587,116.2764865,0.529281368,28.4446303,0.479540687,6.382806323,14.8901163,yes,no,no,yes,0.55,0,0.2,0,0.05,0,0,0.05,0.1,0.1,0.05,0,0,0.55,0
799,69,7/29/2009,7,29,2009,Alarka Laurel 1,Swain,15,15,1,pre,alarka,-83.35223996,35.33817087,75,1245.047242,77.60157137,7.527673863,12.05086615,2.20725322,7.542582761,1.657052149,no,yes,yes,yes,1,0,0,0,0.466666667,0,0,0.066666667,0.2,0.2,0,0.066666667,0,1,0
871,70,8/4/2009,8,4,2009,A-0009 Site A - Carver Pond,Graham,10,20,0.5,pre,carver,-83.77328364,35.32819402,81,635.7817738,113.8657825,3.003316293,14.87281081,0.065346956,2.667097343,8.4942852,yes,yes,yes,yes,0.5,0,0.1,0,0.15,0,0,0,0.05,0,0,0.2,0,0.5,0
825,71,5/11/2010,5,11,2010,Shuler Creek,Cherokee,3,6,0.5,pre,shuler,-84.22640063,35.23275203,11,487.9609875,156.0945589,6.262984041,23.74684305,0.398400815,22.64926487,15.24241362,no,no,no,no,0.5,0,0.166666667,0.333333333,0,0,0,0,0,0,0,0,0,0.5,0
822,72,5/13/2010,5,13,2010,North Shoals Creek/FS 408,Cherokee,7,15,0.466666667,pre,shoals,-84.19098547,35.2177205,13,689.4239561,153.4973115,4.380351476,20.28644135,1.50190801,20.20614973,11.77991947,no,yes,no,no,0.466666667,0,0.066666667,0.066666667,0.133333333,0,0,0,0,0.066666667,0,0.133333333,0,0.466666667,0
826,73,5/27/2010,5,27,2010,Shuler Creek,Cherokee,11,8,1.375,pre,shuler,-84.22640063,35.23275203,27,487.9609875,156.0945589,6.262984041,23.74684305,0.398400815,22.64926487,15.24241362,no,no,no,no,1.375,0,0.25,0.125,0.625,0,0,0,0,0.25,0,0.125,0,1.375,0
827,74,6/1/2010,6,1,2010,Shuler Creek,Cherokee,9,20,0.45,pre,shuler,-84.22640063,35.23275203,17,487.9609875,156.0945589,6.262984041,23.74684305,0.398400815,22.64926487,15.24241362,no,no,no,no,0.45,0,0,0,0.35,0,0,0,0,0.1,0,0,0,0.45,0
824,75,6/3/2010,6,3,2010,North Shoals Creek/FS 408,Cherokee,6,10,0.6,pre,shoals,-84.19098547,35.2177205,19,689.4239561,153.4973115,4.380351476,20.28644135,1.50190801,20.20614973,11.77991947,no,yes,no,no,0.6,0,0,0,0.3,0,0,0,0,0.2,0.1,0,0,0.6,0
311,76,6/7/2010,6,7,2010,Ray's Branch,Macon,14,6,2.333333333,pre,raysbr,-83.54349097,35.19694875,23,872.5998171,99.91651194,8.550260562,14.71342357,1.537849676,7.399609206,1.308110053,no,yes,no,no,2.333333333,0,1.333333333,0,0.166666667,0,0,0.166666667,0,0.666666667,0,0,0,2.333333333,0
310,77,6/8/2010,6,8,2010,Big Indian Creek,Macon,5,9,0.555555556,pre,bigind,-83.51028595,35.04443481,24,1070.100579,106.3431807,0.034296445,19.32496387,6.16994825,7.006409144,2.65649465,no,no,no,no,0.555555556,0,0,0,0.111111111,0,0,0,0.111111111,0.333333333,0,0,0,0.555555556,0
316,78,6/14/2010,6,14,2010,Alarka Laurel 1,Swain,43,16,2.6875,pre,alarka,-83.35223996,35.33817087,30,1245.047242,77.60157137,7.527673863,12.05086615,2.20725322,7.542582761,1.657052149,no,yes,yes,yes,2.6875,0,0.1875,0.375,1.25,0.125,0,0,0,0.75,0,0,0,2.6875,0
312,79,6/15/2010,6,15,2010,Nantahala River Bike Path,Macon,2,9,0.222222222,pre,nanriv,-83.67235065,35.28247084,31,599.8171289,106.7723152,0.010210332,16.40188765,0.084471906,0.084471906,7.738498158,no,yes,no,no,0.222222222,0,0,0,0,0,0,0,0,0.222222222,0,0,0,0.222222222,0
828,80,6/16/2010,6,16,2010,John's Branch/FS 81C,Graham,5,16,0.3125,pre,johnsb,-84.0055461,35.34360772,32,1129.838464,133.7188154,6.179932667,22.80106404,1.873425578,12.52719575,4.403928074,no,yes,no,no,0.3125,0,0.0625,0,0.125,0,0,0,0,0.0625,0.0625,0,0,0.3125,0
900,81,6/19/2010,6,19,2010,John's Branch/FS 81C,Graham,4,16,0.25,pre,johnsb,-84.0055461,35.34360772,35,1129.838464,133.7188154,6.179932667,22.80106404,1.873425578,12.52719575,4.403928074,no,yes,no,no,0.25,0,0,0,0.1875,0,0,0,0.0625,0,0,0,0,0.25,0
328,82,6/21/2010,6,21,2010,A-0009 Site N (FS 404),Graham,45,20,2.25,pre,fs404,-83.69866445,35.35516704,37,686.3761048,106.5770294,6.388193532,20.55949066,0.011669735,6.85741212,5.79216118,no,yes,yes,yes,2.25,0,1,0,0.4,0,0,0,0.05,0.45,0,0.3,0.05,2.25,0
315,83,6/22/2010,6,22,2010,Nantahala River Bike Path,Macon,26,16,1.625,pre,nanriv,-83.67235065,35.28247084,38,599.8171289,106.7723152,0.010210332,16.40188765,0.084471906,0.084471906,7.738498158,no,yes,no,no,1.625,0,0.125,0,0,0,0,0.0625,1.0625,0.3125,0,0.0625,0,1.625,0
823,84,6/26/2010,6,26,2010,North Shoals Creek/FS 408,Cherokee,7,8,0.875,pre,shoals,-84.19098547,35.2177205,42,689.4239561,153.4973115,4.380351476,20.28644135,1.50190801,20.20614973,11.77991947,no,yes,no,no,0.875,0,0.5,0,0,0,0,0,0,0.375,0,0,0,0.875,0
830,85,6/29/2010,6,29,2010,Scrougetown,Swain,21,30,0.7,pre,scroug,-83.834753,35.455764,45,502.8954587,116.2764865,0.529281368,28.4446303,0.479540687,6.382806323,14.8901163,yes,no,no,yes,0.7,0,0.266666667,0,0.066666667,0,0,0.033333333,0.233333333,0.1,0,0,0,0.7,0
546,86,6/30/2010,6,30,2010,Hurricane Creek,Haywood,21,12,1.75,pre,hurric,-82.98750634,35.72972781,46,818.6528497,41.48408529,3.289134947,23.03106293,2.731999908,3.170537422,19.04988475,no,yes,no,no,1.75,0.5,0.166666667,0,0.416666667,0,0,0.083333333,0.166666667,0.416666667,0,0,0,1.75,0
832,87,6/30/2010,6,30,2010,Twentymile 2,Swain,29,10,2.9,pre,twenty,-83.87153831,35.46796293,46,504.1145992,119.3597979,0.756523104,30.0987815,0.68799813,4.354160834,13.31682224,yes,no,no,yes,2.9,0.2,0.4,0,0.1,0,0,0,1.6,0.2,0.2,0.2,0,2.9,0
330,88,7/1/2010,7,1,2010,Pigeon River/Twelve Mile,Haywood,5,9,0.555555556,pre,pigeon,-83.02490587,35.73228615,47,569.6434014,44.73876252,0.016843061,24.50869573,0.072432153,0.072432153,21.43054305,no,no,no,no,0.555555556,0,0,0,0.111111111,0,0.111111111,0,0.111111111,0,0,0.111111111,0,0.444444444,1
317,89,7/6/2010,7,6,2010,Davidson River/Pisgah Education Center,Transylvania,58,15,3.866666667,pre,davids,-82.79113201,35.28446654,52,712.2828406,41.3553724,7.661548481,7.673378346,0.115026873,2.039609635,1.521593485,no,yes,no,no,3.866666667,0,0.066666667,0,0.4,0.066666667,0,0,2.6,0.133333333,0,0.4,0.2,3.866666667,0
326,90,7/7/2010,7,7,2010,Cold Knob/FS 479H,Buncombe,30,12,2.5,pre,coldkn,-82.64444762,35.47174946,53,692.1670222,16.59045102,5.50929848,12.52694086,1.331714747,1.331714747,1.497760067,no,no,no,no,2.5,0,1.333333333,0,0.416666667,0,0,0,0.166666667,0.416666667,0,0.083333333,0.083333333,2.5,0
831,91,7/7/2010,7,7,2010,Scrougetown,Swain,15,25,0.6,pre,scroug,-83.834753,35.455764,53,502.8954587,116.2764865,0.529281368,28.4446303,0.479540687,6.382806323,14.8901163,yes,no,no,yes,0.6,0,0.48,0,0,0,0,0,0.04,0.08,0,0,0,0.6,0
318,92,7/15/2010,7,15,2010,Alarka Laurel 1,Swain,70,20,3.5,pre,alarka,-83.35223996,35.33817087,61,1245.047242,77.60157137,7.527673863,12.05086615,2.20725322,7.542582761,1.657052149,no,yes,yes,yes,3.5,0,0.6,0,0.65,0.15,0,0,1.15,0.75,0.1,0.05,0.05,3.5,0
321,93,7/20/2010,7,20,2010,Cherokee Tribal Hatchery,Swain,16,12,1.333333333,pre,cherok,-83.24257354,35.57920293,66,804.6327339,61.89522073,1.439252158,23.04942194,5.649311643,5.649311643,16.64183653,no,yes,no,no,1.333333333,0,0.083333333,0,0,0,0,0,0.833333333,0,0,0.25,0.166666667,1.333333333,0
325,94,7/21/2010,7,21,2010,Jenkins Creek,Jackson,28,16,1.75,pre,jenkin,-83.21463223,35.49248706,67,1067.052728,60.600098,6.371971994,13.33320023,1.591659692,1.591659692,20.7660615,no,yes,no,no,1.75,0,0.1875,0,0.375,0,0,0.0625,0.3125,0.5,0,0.25,0,1.6875,1
324,95,7/22/2010,7,22,2010,Bunches Creek Gate,Swain,36,15,2.4,pre,bunche,-83.20646891,35.53413035,68,1007.010058,59.09696292,4.532288268,18.04118338,1.538859976,1.538859976,20.12817617,no,no,no,no,2.4,0,0.6,0,0.266666667,0,0,0.066666667,0.6,0.733333333,0,0.066666667,0.066666667,2.4,0
327,96,7/27/2010,7,27,2010,A-0009 Site A - Carver Pond,Graham,15,16,0.9375,pre,carver,-83.77328364,35.32819402,73,635.7817738,113.8657825,3.003316293,14.87281081,0.065346956,2.667097343,8.4942852,yes,yes,yes,yes,0.9375,0,0.1875,0,0.4375,0.0625,0,0,0.0625,0,0,0,0.125,0.875,1
322,97,7/28/2010,7,28,2010,Nantahala Dam Road,Macon,57,15,3.8,pre,nandam,-83.65521478,35.19898384,74,922.5845779,108.8871842,0.021809305,15.24869482,1.264022583,6.70826759,5.957018599,no,yes,yes,yes,3.8,0,0.266666667,0,0.133333333,0.066666667,0,0.266666667,0.733333333,1.533333333,0,0.533333333,0.2,3.733333333,1
319,98,8/2/2010,8,2,2010,Davidson River/Pisgah Education Center,Transylvania,68,12,5.666666667,pre,davids,-82.79113201,35.28446654,79,712.2828406,41.3553724,7.661548481,7.673378346,0.115026873,2.039609635,1.521593485,no,yes,no,no,5.666666667,0,0,0,1,0.083333333,0,0.083333333,1.833333333,0.666666667,0,1.75,0.25,5.666666667,0
842,99,5/11/2011,5,11,2011,Twentymile 2,Swain,12,8,1.5,post,twenty,-83.87153831,35.46796293,11,504.1145992,119.3597979,0.756523104,30.0987815,0.68799813,4.354160834,13.31682224,yes,no,no,yes,1.5,0,0,0,0.125,0,0,0,0.75,0.25,0.375,0,0,1.5,0
840,100,5/19/2011,5,19,2011,Scrougetown,Swain,29,25,1.16,post,scroug,-83.834753,35.455764,19,502.8954587,116.2764865,0.529281368,28.4446303,0.479540687,6.382806323,14.8901163,yes,no,no,yes,1.16,0,0.16,0,0.12,0,0,0.16,0.4,0.16,0.04,0.12,0,1.16,0
910,101,5/30/2011,5,30,2011,Twentymile 2,Swain,13,8,1.625,post,twenty,-83.87153831,35.46796293,30,504.1145992,119.3597979,0.756523104,30.0987815,0.68799813,4.354160834,13.31682224,yes,no,no,yes,1.625,0,0.375,0,0,0,0,0,0.75,0.25,0,0.25,0,1.625,0
551,102,6/14/2011,6,14,2011,Nantahala Dam Road,Macon,28,18,1.555555556,post,nandam,-83.65521478,35.19898384,30,922.5845779,108.8871842,0.021809305,15.24869482,1.264022583,6.70826759,5.957018599,no,yes,yes,yes,1.555555556,0,0.055555556,0,0.111111111,0,0,0.055555556,0.5,0.777777778,0,0,0.055555556,1.555555556,0
549,103,6/27/2011,6,27,2011,Cherokee Tribal Hatchery,Swain,14,12,1.166666667,post,cherok,-83.24257354,35.57920293,43,804.6327339,61.89522073,1.439252158,23.04942194,5.649311643,5.649311643,16.64183653,no,yes,no,no,1.166666667,0,0,0,0.333333333,0,0,0,0.333333333,0,0,0.333333333,0,1,2
548,104,6/28/2011,6,28,2011,Jenkins Creek,Jackson,31,16,1.9375,post,jenkin,-83.21463223,35.49248706,44,1067.052728,60.600098,6.371971994,13.33320023,1.591659692,1.591659692,20.7660615,no,yes,no,no,1.9375,0,0,0,1.25,0.125,0,0,0.125,0.3125,0,0.125,0,1.9375,0
841,105,6/30/2011,6,30,2011,Shuler Creek,Cherokee,40,16,2.5,post,shuler,-84.22640063,35.23275203,46,487.9609875,156.0945589,6.262984041,23.74684305,0.398400815,22.64926487,15.24241362,no,no,no,no,2.5,0,1.375,0,0.6875,0,0,0,0,0.3125,0,0.125,0,2.5,0
837,106,7/3/2011,7,3,2011,North Shoals Creek/FS 408,Cherokee,26,18,1.444444444,post,shoals,-84.19098547,35.2177205,49,689.4239561,153.4973115,4.380351476,20.28644135,1.50190801,20.20614973,11.77991947,no,yes,no,no,1.444444444,0,0.555555556,0,0.222222222,0,0,0,0,0.666666667,0,0,0,1.444444444,0
552,107,7/6/2011,7,6,2011,Cold Knob/FS 479H,Buncombe,11,12,0.916666667,post,coldkn,-82.64444762,35.47174946,52,692.1670222,16.59045102,5.50929848,12.52694086,1.331714747,1.331714747,1.497760067,no,no,no,no,0.916666667,0,0.166666667,0,0.25,0,0,0,0.083333333,0.416666667,0,0,0,0.916666667,0
835,108,7/11/2011,7,11,2011,John's Branch/FS 81C,Graham,18,12,1.5,post,johnsb,-84.0055461,35.34360772,57,1129.838464,133.7188154,6.179932667,22.80106404,1.873425578,12.52719575,4.403928074,no,yes,no,no,1.5,0,1.416666667,0,0.083333333,0,0,0,0,0,0,0,0,1.5,0
553,109,7/12/2011,7,12,2011,Davidson River/Pisgah Education Center,Transylvania,38,12,3.166666667,post,davids,-82.79113201,35.28446654,58,712.2828406,41.3553724,7.661548481,7.673378346,0.115026873,2.039609635,1.521593485,no,yes,no,no,3.166666667,0,0,0,0.25,0,0,0.083333333,2,0,0,0.416666667,0.25,3,2
590,110,7/15/2011,7,15,2011,Alarka Laurel 1,Swain,20,20,1,post,alarka,-83.35223996,35.33817087,61,1245.047242,77.60157137,7.527673863,12.05086615,2.20725322,7.542582761,1.657052149,no,yes,yes,yes,1,0,0,0,0.55,0,0,0,0.3,0.15,0,0,0,1,0
595,111,7/16/2011,7,16,2011,Pigeon River/Twelve Mile,Haywood,8,15,0.533333333,post,pigeon,-83.02490587,35.73228615,62,569.6434014,44.73876252,0.016843061,24.50869573,0.072432153,0.072432153,21.43054305,no,no,no,no,0.533333333,0,0,0,0.066666667,0,0,0,0.4,0.066666667,0,0,0,0.533333333,0
554,112,7/20/2011,7,20,2011,Bunches Creek Gate,Swain,32,20,1.6,post,bunche,-83.20646891,35.53413035,66,1007.010058,59.09696292,4.532288268,18.04118338,1.538859976,1.538859976,20.12817617,no,no,no,no,1.6,0.05,0.45,0,0.35,0.05,0,0,0.15,0.4,0,0.15,0,1.6,0
838,113,7/20/2011,7,20,2011,North Shoals Creek/FS 408,Cherokee,16,6,2.666666667,post,shoals,-84.19098547,35.2177205,66,689.4239561,153.4973115,4.380351476,20.28644135,1.50190801,20.20614973,11.77991947,no,yes,no,no,2.666666667,0,2,0,0.166666667,0,0,0,0,0.166666667,0.166666667,0.166666667,0,2.666666667,0
555,114,7/26/2011,7,26,2011,Hurricane Creek,Haywood,24,20,1.2,post,hurric,-82.98750634,35.72972781,72,818.6528497,41.48408529,3.289134947,23.03106293,2.731999908,3.170537422,19.04988475,no,yes,no,no,1.2,0.15,0.1,0,0.2,0.05,0,0,0.05,0.4,0,0.15,0,1.1,2
593,115,7/27/2011,7,27,2011,Nantahala River Bike Path,Macon,31,20,1.55,post,nanriv,-83.67235065,35.28247084,73,599.8171289,106.7723152,0.010210332,16.40188765,0.084471906,0.084471906,7.738498158,no,yes,no,no,1.55,0,0.55,0,0,0,0,0.1,0.6,0.05,0,0.25,0,1.55,0
588,116,7/28/2011,7,28,2011,A-0009 Site A - Carver Pond,Graham,14,12,1.166666667,post,carver,-83.77328364,35.32819402,74,635.7817738,113.8657825,3.003316293,14.87281081,0.065346956,2.667097343,8.4942852,yes,yes,yes,yes,1.166666667,0,0.416666667,0,0.583333333,0,0,0,0.083333333,0,0,0.083333333,0,1.166666667,0
589,117,7/28/2011,7,28,2011,A-0009 Site N (FS 404),Graham,39,20,1.95,post,fs404,-83.69866445,35.35516704,74,686.3761048,106.5770294,6.388193532,20.55949066,0.011669735,6.85741212,5.79216118,no,yes,yes,yes,1.95,0,0.7,0,0.3,0,0,0,0.1,0.6,0,0.25,0,1.95,0
591,118,7/29/2011,7,29,2011,Big Indian Creek,Macon,10,12,0.833333333,post,bigind,-83.51028595,35.04443481,75,1070.100579,106.3431807,0.034296445,19.32496387,6.16994825,7.006409144,2.65649465,no,no,no,no,0.833333333,0,0,0,0.166666667,0,0,0,0.416666667,0.166666667,0,0.083333333,0,0.833333333,0
597,119,7/29/2011,7,29,2011,Ray's Branch,Macon,24,10,2.4,post,raysbr,-83.54349097,35.19694875,75,872.5998171,99.91651194,8.550260562,14.71342357,1.537849676,7.399609206,1.308110053,no,yes,no,no,2.4,0,1.6,0,0.6,0,0,0,0,0.1,0,0.1,0,2.4,0
575,120,8/1/2011,8,1,2011,Upper Curtis Creek Road,McDowell,39,16,2.4375,post,curtis,-82.19064049,35.7319873,78,1220.664432,35.75492708,2.965582695,17.12895373,0.536006458,0.536006458,3.508606912,no,no,no,no,2.4375,0,1.5,0,0.25,0.0625,0,0,0.25,0.1875,0,0.125,0.0625,2.4375,0
577,121,8/1/2011,8,1,2011,Upper Neals Creek,Yancey,29,12,2.416666667,post,neals,-82.19287729,35.73739261,78,1233.160622,35.82476279,2.416543085,17.51610746,0.09939885,0.09939885,3.890512845,no,no,no,no,2.416666667,0,1.5,0,0.166666667,0,0,0.083333333,0.083333333,0.166666667,0,0.166666667,0,2.166666667,3
574,122,8/1/2011,8,1,2011,Victor Road Cemetery,McDowell,32,16,2,post,victor,-82.16531798,35.78499518,78,1162.450472,40.50018212,1.52869551,17.16335024,0.10430935,0.10430935,6.80028488,no,no,no,no,2,0,0.4375,0,0.0625,0,0,0.25,0,1.25,0,0,0,2,0
556,123,8/2/2011,8,2,2011,Linville River at Pineola,Avery,28,20,1.4,post,linvil,-81.89687246,36.01862313,79,1061.566596,75.17331399,0.022179885,18.92669344,0.2140222,1.112626698,10.8122717,yes,yes,yes,yes,1.4,0,0,0,0.05,0,0,0.05,1.2,0,0,0.1,0,1.4,0
563,124,8/2/2011,8,2,2011,North Harper Creek,Avery,49,16,3.0625,post,harper,-81.8527508,36.00956874,79,968.607132,77.70754523,3.91407438,21.02637331,2.285819902,2.292347898,7.275755162,no,yes,no,no,3.0625,0,2.0625,0,0.5625,0,0,0.125,0,0.125,0,0.125,0.0625,3.0625,0
587,125,8/3/2011,8,3,2011,Atkins River,Watauga,34,30,1.133333333,post,atkins,-81.76038894,36.16340945,80,902.1639744,94.91662573,0.017220781,8.031539381,0.054388548,3.49926706,23.20084298,yes,no,no,yes,1.133333333,0,0.033333333,0,0.033333333,0,0,0.033333333,0.866666667,0.1,0,0.033333333,0.033333333,1.133333333,0
584,126,8/3/2011,8,3,2011,Balsam Road,Mitchell,24,9,2.666666667,post,balsam,-82.13584091,36.09560803,80,1786.345626,66.8507007,3.204880445,21.15990109,0.967568658,11.10668535,25.94145285,no,no,yes,yes,2.666666667,0,0,0,0.111111111,0,0,0.222222222,0.555555556,1.777777778,0,0,0,2.666666667,0
583,127,8/3/2011,8,3,2011,FR 496/FR 210 Junction,Burke,17,28,0.607142857,post,fr496,-81.86852552,35.89776017,80,774.4590064,69.85446141,2.611044592,17.64648516,3.474701996,6.048654013,3.547288678,no,yes,no,no,0.607142857,0,0.214285714,0,0.25,0,0,0,0,0.071428571,0,0.071428571,0,0.607142857,0
908,128,5/16/2012,5,16,2012,Shuler Creek,Cherokee,7,16,0.4375,post,shuler,-84.22640063,35.23275203,16,487.9609875,156.0945589,6.262984041,23.74684305,0.398400815,22.64926487,15.24241362,no,no,no,no,0.4375,0,0.125,0.1875,0,0.0625,0,0,0,0,0,0.0625,0,0.4375,0
905,129,5/18/2012,5,18,2012,North Shoals Creek/FS 408,Cherokee,7,12,0.583333333,post,shoals,-84.19098547,35.2177205,18,689.4239561,153.4973115,4.380351476,20.28644135,1.50190801,20.20614973,11.77991947,no,yes,no,no,0.583333333,0,0,0,0.333333333,0,0,0,0,0.25,0,0,0,0.583333333,0
909,130,5/25/2012,5,25,2012,Shuler Creek,Cherokee,15,16,0.9375,post,shuler,-84.22640063,35.23275203,25,487.9609875,156.0945589,6.262984041,23.74684305,0.398400815,22.64926487,15.24241362,no,no,no,no,0.9375,0,0,0.125,0.25,0,0,0,0,0,0.0625,0.5,0,0.9375,0
906,131,5/30/2012,5,30,2012,North Shoals Creek/FS 408,Cherokee,7,12,0.583333333,post,shoals,-84.19098547,35.2177205,30,689.4239561,153.4973115,4.380351476,20.28644135,1.50190801,20.20614973,11.77991947,no,yes,no,no,0.583333333,0,0,0,0.333333333,0,0,0,0,0.25,0,0,0,0.583333333,0
901,132,6/16/2012,6,16,2012,John's Branch/FS 81C,Graham,3,8,0.375,post,johnsb,-84.0055461,35.34360772,32,1129.838464,133.7188154,6.179932667,22.80106404,1.873425578,12.52719575,4.403928074,no,yes,no,no,0.375,0,0.125,0,0.125,0,0,0,0,0,0.125,0,0,0.375,0
911,133,6/28/2012,6,28,2012,Twentymile 2,Swain,18,15,1.2,post,twenty,-83.87153831,35.46796293,44,504.1145992,119.3597979,0.756523104,30.0987815,0.68799813,4.354160834,13.31682224,yes,no,no,yes,1.2,0,0.333333333,0,0.266666667,0,0,0.066666667,0.266666667,0.2,0,0.066666667,0,1.2,0
907,134,6/29/2012,6,29,2012,Scrougetown,Swain,10,25,0.4,post,scroug,-83.834753,35.455764,45,502.8954587,116.2764865,0.529281368,28.4446303,0.479540687,6.382806323,14.8901163,yes,no,no,yes,0.4,0,0.28,0,0,0,0,0,0,0.08,0.04,0,0,0.4,0
605,135,7/23/2012,7,23,2012,Davidson River/Pisgah Education Center,Transylvania,72,15,4.8,post,davids,-82.79113201,35.28446654,69,712.2828406,41.3553724,7.661548481,7.673378346,0.115026873,2.039609635,1.521593485,no,yes,no,no,4.8,0,0.2,0,2.466666667,0,0,0.133333333,0.866666667,0.133333333,0,0.8,0.066666667,4.666666667,2
604,136,7/24/2012,7,24,2012,Alarka Laurel 1,Swain,91,20,4.55,post,alarka,-83.35223996,35.33817087,70,1245.047242,77.60157137,7.527673863,12.05086615,2.20725322,7.542582761,1.657052149,no,yes,yes,yes,4.55,0,0.65,0,2.35,0.05,0,0.05,0.8,0.55,0,0.1,0,4.55,0
618,137,7/25/2012,7,25,2012,Jenkins Creek,Jackson,49,20,2.45,post,jenkin,-83.21463223,35.49248706,71,1067.052728,60.600098,6.371971994,13.33320023,1.591659692,1.591659692,20.7660615,no,yes,no,no,2.45,0,0.05,0,1.05,0.05,0,0.05,0.2,0.55,0,0.35,0.05,2.35,2
619,138,7/26/2012,7,26,2012,Bunches Creek Gate,Swain,69,25,2.76,post,bunche,-83.20646891,35.53413035,72,1007.010058,59.09696292,4.532288268,18.04118338,1.538859976,1.538859976,20.12817617,no,no,no,no,2.76,0,0.56,0,0.92,0,0,0.04,0.32,0.48,0,0.44,0,2.76,0
968,139,8/21/2012,8,21,2012,Cherokee Tribal Hatchery,Swain,24,12,2,post,cherok,-83.24257354,35.57920293,98,804.6327339,61.89522073,1.439252158,23.04942194,5.649311643,5.649311643,16.64183653,no,yes,no,no,2,0,0,0,0.833333333,0,0,0,0.833333333,0.083333333,0,0.25,0,2,0
857,140,6/19/2013,6,19,2013,Davidson River/Pisgah Education Center,Transylvania,6,12,0.5,post,davids,-82.79113201,35.28446654,35,712.2828406,41.3553724,7.661548481,7.673378346,0.115026873,2.039609635,1.521593485,no,yes,no,no,0.5,0,0,0,0.333333333,0,0,0.166666667,0,0,0,0,0,0.5,0
858,141,6/25/2013,6,25,2013,Cold Knob/FS 479H,Buncombe,4,12,0.333333333,post,coldkn,-82.64444762,35.47174946,41,692.1670222,16.59045102,5.50929848,12.52694086,1.331714747,1.331714747,1.497760067,no,no,no,no,0.333333333,0,0.083333333,0,0.25,0,0,0,0,0,0,0,0,0.333333333,0
859,142,7/2/2013,7,2,2013,Alarka Laurel 1,Swain,3,8,0.375,post,alarka,-83.35223996,35.33817087,48,1245.047242,77.60157137,7.527673863,12.05086615,2.20725322,7.542582761,1.657052149,no,yes,yes,yes,0.375,0,0,0,0.375,0,0,0,0,0,0,0,0,0.375,0
940,143,7/2/2013,7,2,2013,Pigeon River/Twelve Mile,Haywood,3,12,0.25,post,pigeon,-83.02490587,35.73228615,48,569.6434014,44.73876252,0.016843061,24.50869573,0.072432153,0.072432153,21.43054305,no,no,no,no,0.25,0,0,0,0,0,0,0,0,0,0,0.25,0,0.25,0
973,144,7/8/2013,7,8,2013,Jenkins Creek,Jackson,21,16,1.3125,post,jenkin,-83.21463223,35.49248706,54,1067.052728,60.600098,6.371971994,13.33320023,1.591659692,1.591659692,20.7660615,no,yes,no,no,1.3125,0,0.125,0,0.875,0,0,0,0,0.3125,0,0,0,1.3125,0
860,145,7/16/2013,7,16,2013,Alarka Laurel 1,Swain,40,20,2,post,alarka,-83.35223996,35.33817087,62,1245.047242,77.60157137,7.527673863,12.05086615,2.20725322,7.542582761,1.657052149,no,yes,yes,yes,2,0,0.3,0,1.45,0,0,0.15,0.05,0,0,0.05,0,2,0
862,146,7/16/2013,7,16,2013,Twentymile 2,Swain,8,8,1,post,twenty,-83.87153831,35.46796293,62,504.1145992,119.3597979,0.756523104,30.0987815,0.68799813,4.354160834,13.31682224,yes,no,no,yes,1,0,0.375,0,0.125,0,0,0,0.125,0.125,0,0.125,0.125,1,0
863,147,7/23/2013,7,23,2013,A-0009 Site N (FS 404),Graham,26,20,1.3,post,fs404,-83.69866445,35.35516704,69,686.3761048,106.5770294,6.388193532,20.55949066,0.011669735,6.85741212,5.79216118,no,yes,yes,yes,1.3,0,1.1,0,0,0,0,0,0,0.1,0,0.05,0,1.25,1
856,148,7/27/2013,7,27,2013,FR 496/FR 210 Junction,Burke,2,12,0.166666667,post,fr496,-81.86852552,35.89776017,73,774.4590064,69.85446141,2.611044592,17.64648516,3.474701996,6.048654013,3.547288678,no,yes,no,no,0.166666667,0,0.083333333,0,0.083333333,0,0,0,0,0,0,0,0,0.166666667,0
864,149,7/30/2013,7,30,2013,North Harper Creek,Avery,4,16,0.25,post,harper,-81.8527508,36.00956874,76,968.607132,77.70754523,3.91407438,21.02637331,2.285819902,2.292347898,7.275755162,no,yes,no,no,0.25,0,0.1875,0,0,0,0,0.0625,0,0,0,0,0,0.25,0
855,150,8/3/2013,8,3,2013,Balsam Road,Mitchell,1,15,0.066666667,post,balsam,-82.13584091,36.09560803,80,1786.345626,66.8507007,3.204880445,21.15990109,0.967568658,11.10668535,25.94145285,no,no,yes,yes,0.066666667,0,0.066666667,0,0,0,0,0,0,0,0,0,0,0.066666667,0
969,151,8/12/2013,8,12,2013,Cherokee Tribal Hatchery,Swain,13,12,1.083333333,post,cherok,-83.24257354,35.57920293,89,804.6327339,61.89522073,1.439252158,23.04942194,5.649311643,5.649311643,16.64183653,no,yes,no,no,1.083333333,0,0.083333333,0,0.5,0,0,0,0.25,0,0,0.166666667,0.083333333,1.083333333,0
865,152,8/13/2013,8,13,2013,Nantahala Dam Road,Macon,37,18,2.055555556,post,nandam,-83.65521478,35.19898384,90,922.5845779,108.8871842,0.021809305,15.24869482,1.264022583,6.70826759,5.957018599,no,yes,yes,yes,2.055555556,0,0.111111111,0,0.222222222,0,0,0.222222222,0.166666667,0.777777778,0,0.388888889,0.111111111,2,1
866,153,8/13/2013,8,13,2013,North Shoals Creek/FS 408,Cherokee,19,12,1.583333333,post,shoals,-84.19098547,35.2177205,90,689.4239561,153.4973115,4.380351476,20.28644135,1.50190801,20.20614973,11.77991947,no,yes,no,no,1.583333333,0,0.666666667,0,0.416666667,0,0,0,0.083333333,0.083333333,0.25,0.083333333,0,1.583333333,0
971,154,8/21/2013,8,21,2013,Bunches Creek Gate,Swain,14,20,0.7,post,bunche,-83.20646891,35.53413035,98,1007.010058,59.09696292,4.532288268,18.04118338,1.538859976,1.538859976,20.12817617,no,no,no,no,0.7,0,0.3,0,0.15,0,0,0.1,0,0.05,0,0.1,0,0.7,0
945,155,6/19/2014,6,19,2014,Ray's Branch,Macon,7,8,0.875,post,raysbr,-83.54349097,35.19694875,35,872.5998171,99.91651194,8.550260562,14.71342357,1.537849676,7.399609206,1.308110053,no,yes,no,no,0.875,0,0.625,0,0.25,0,0,0,0,0,0,0,0,0.875,0
947,156,6/20/2014,6,20,2014,John's Branch/FS 81C,Graham,2,12,0.166666667,post,johnsb,-84.0055461,35.34360772,36,1129.838464,133.7188154,6.179932667,22.80106404,1.873425578,12.52719575,4.403928074,no,yes,no,no,0.166666667,0,0,0,0.083333333,0,0,0,0,0.083333333,0,0,0,0.166666667,0
954,157,6/21/2014,6,21,2014,North Shoals Creek/FS 408,Cherokee,4,8,0.5,post,shoals,-84.19098547,35.2177205,37,689.4239561,153.4973115,4.380351476,20.28644135,1.50190801,20.20614973,11.77991947,no,yes,no,no,0.5,0,0.125,0,0.125,0,0,0,0,0.25,0,0,0,0.5,0
948,158,6/25/2014,6,25,2014,Shuler Creek,Cherokee,14,20,0.7,post,shuler,-84.22640063,35.23275203,41,487.9609875,156.0945589,6.262984041,23.74684305,0.398400815,22.64926487,15.24241362,no,no,no,no,0.7,0,0.2,0,0.25,0.1,0,0,0,0,0,0,0,0.55,0
949,159,6/29/2014,6,29,2014,Cold Knob/FS 479H,Buncombe,1,12,0.083333333,post,coldkn,-82.64444762,35.47174946,45,692.1670222,16.59045102,5.50929848,12.52694086,1.331714747,1.331714747,1.497760067,no,no,no,no,0.083333333,0,0,0,0,0,0,0,0,0,0,0,0,0,1
946,160,6/30/2014,6,30,2014,Davidson River/Pisgah Education Center,Transylvania,8,10,0.8,post,davids,-82.79113201,35.28446654,46,712.2828406,41.3553724,7.661548481,7.673378346,0.115026873,2.039609635,1.521593485,no,yes,no,no,0.8,0,0,0,0,0,0.1,0,0,0.1,0,0,0,0.2,0
950,161,7/1/2014,7,1,2014,Pigeon River/Twelve Mile,Haywood,7,12,0.583333333,post,pigeon,-83.02490587,35.73228615,47,569.6434014,44.73876252,0.016843061,24.50869573,0.072432153,0.072432153,21.43054305,no,no,no,no,0.583333333,0,0.166666667,0,0,0,0.25,0,0,0,0,0,0,0.416666667,0
951,162,7/2/2014,7,2,2014,Hurricane Creek,Haywood,3,12,0.25,post,hurric,-82.98750634,35.72972781,48,818.6528497,41.48408529,3.289134947,23.03106293,2.731999908,3.170537422,19.04988475,no,yes,no,no,0.25,0.25,0,0,0,0,0,0,0,0,0,0,0,0.25,0
952,163,7/3/2014,7,3,2014,Nantahala River Bike Path,Macon,13,15,0.866666667,post,nanriv,-83.67235065,35.28247084,49,599.8171289,106.7723152,0.010210332,16.40188765,0.084471906,0.084471906,7.738498158,no,yes,no,no,0.866666667,0,0.4,0,0,0,0,0,0.133333333,0.066666667,0,0,0,0.6,0
953,164,7/7/2014,7,7,2014,North Shoals Creek/FS 408,Cherokee,9,8,1.125,post,shoals,-84.19098547,35.2177205,53,689.4239561,153.4973115,4.380351476,20.28644135,1.50190801,20.20614973,11.77991947,no,yes,no,no,1.125,0,0.5,0,0.25,0,0,0,0,0.25,0,0,0,1,0
955,165,7/13/2014,7,13,2014,A-0009 Site N (FS 404),Graham,26,15,1.733333333,post,fs404,-83.69866445,35.35516704,59,686.3761048,106.5770294,6.388193532,20.55949066,0.011669735,6.85741212,5.79216118,no,yes,yes,yes,1.733333333,0,1.466666667,0,0.2,0,0,0,0,0.066666667,0,0,0,1.733333333,0
956,166,7/22/2014,7,22,2014,Alarka Laurel 1,Swain,8,16,0.5,post,alarka,-83.35223996,35.33817087,68,1245.047242,77.60157137,7.527673863,12.05086615,2.20725322,7.542582761,1.657052149,no,yes,yes,yes,0.5,0,0.125,0,0.1875,0,0,0,0,0,0,0,0,0.3125,0
957,167,7/23/2014,7,23,2014,Big Indian Creek,Macon,1,12,0.083333333,post,bigind,-83.51028595,35.04443481,69,1070.100579,106.3431807,0.034296445,19.32496387,6.16994825,7.006409144,2.65649465,no,no,no,no,0.083333333,0,0,0,0,0,0,0,0,0,0,0,0,0,1
958,168,7/26/2014,7,26,2014,A-0009 Site A - Carver Pond,Graham,9,10,0.9,post,carver,-83.77328364,35.32819402,72,635.7817738,113.8657825,3.003316293,14.87281081,0.065346956,2.667097343,8.4942852,yes,yes,yes,yes,0.9,0,0.2,0,0.7,0,0,0,0,0,0,0,0,0.9,0
959,169,7/27/2014,7,27,2014,FR 496/FR 210 Junction,Burke,7,12,0.583333333,post,fr496,-81.86852552,35.89776017,73,774.4590064,69.85446141,2.611044592,17.64648516,3.474701996,6.048654013,3.547288678,no,yes,no,no,0.583333333,0,0.5,0,0,0,0,0,0,0,0,0,0,0.5,0
960,170,7/28/2014,7,28,2014,Linville River at Pineola,Avery,4,12,0.333333333,post,linvil,-81.89687246,36.01862313,74,1061.566596,75.17331399,0.022179885,18.92669344,0.2140222,1.112626698,10.8122717,yes,yes,yes,yes,0.333333333,0,0.083333333,0,0.083333333,0,0,0,0.083333333,0,0,0,0,0.25,0
961,171,7/29/2014,7,29,2014,Upper Curtis Creek Road,McDowell,4,16,0.25,post,curtis,-82.19064049,35.7319873,75,1220.664432,35.75492708,2.965582695,17.12895373,0.536006458,0.536006458,3.508606912,no,no,no,no,0.25,0,0.0625,0,0.125,0,0,0,0,0,0,0,0,0.1875,0
962,172,7/30/2014,7,30,2014,Victor Road Cemetery,McDowell,2,16,0.125,post,victor,-82.16531798,35.78499518,76,1162.450472,40.50018212,1.52869551,17.16335024,0.10430935,0.10430935,6.80028488,no,no,no,no,0.125,0,0,0,0,0,0,0,0,0.0625,0,0,0,0.0625,0
963,173,7/31/2014,7,31,2014,North Harper Creek,Avery,5,20,0.25,post,harper,-81.8527508,36.00956874,77,968.607132,77.70754523,3.91407438,21.02637331,2.285819902,2.292347898,7.275755162,no,yes,no,no,0.25,0,0.25,0,0,0,0,0,0,0,0,0,0,0.25,0
964,174,8/1/2014,8,1,2014,Balsam Road,Mitchell,1,12,0.083333333,post,balsam,-82.13584091,36.09560803,78,1786.345626,66.8507007,3.204880445,21.15990109,0.967568658,11.10668535,25.94145285,no,no,yes,yes,0.083333333,0,0,0,0,0,0,0,0,0,0,0,0,0,1
965,175,8/2/2014,8,2,2014,Atkins River,Watauga,1,12,0.083333333,post,atkins,-81.76038894,36.16340945,79,902.1639744,94.91662573,0.017220781,8.031539381,0.054388548,3.49926706,23.20084298,yes,no,no,yes,0.083333333,0,0,0,0,0,0,0,0,0,0,0,0,0,1
966,176,8/3/2014,8,3,2014,Upper Neals Creek,Yancey,4,12,0.333333333,post,neals,-82.19287729,35.73739261,80,1233.160622,35.82476279,2.416543085,17.51610746,0.09939885,0.09939885,3.890512845,no,no,no,no,0.333333333,0,0.083333333,0,0,0,0,0,0,0,0,0,0,0.083333333,0
967,177,8/11/2014,8,11,2014,Nantahala Dam Road,Macon,2,12,0.166666667,post,nandam,-83.65521478,35.19898384,88,922.5845779,108.8871842,0.021809305,15.24869482,1.264022583,6.70826759,5.957018599,no,yes,yes,yes,0.166666667,0,0,0,0,0,0,0,0,0,0,0,0,0,0
970,178,8/13/2014,8,13,2014,Cherokee Tribal Hatchery,Swain,10,12,0.833333333,post,cherok,-83.24257354,35.57920293,90,804.6327339,61.89522073,1.439252158,23.04942194,5.649311643,5.649311643,16.64183653,no,yes,no,no,0.833333333,0,0.083333333,0,0.416666667,0,0,0,0,0,0,0.333333333,0,0.833333333,0
974,179,8/19/2014,8,19,2014,Jenkins Creek,Jackson,9,16,0.5625,post,jenkin,-83.21463223,35.49248706,96,1067.052728,60.600098,6.371971994,13.33320023,1.591659692,1.591659692,20.7660615,no,yes,no,no,0.5625,0,0.0625,0,0.25,0,0,0.0625,0,0.0625,0,0.125,0,0.5625,0
972,180,8/21/2014,8,21,2014,Bunches Creek Gate,Swain,6,20,0.3,post,bunche,-83.20646891,35.53413035,98,1007.010058,59.09696292,4.532288268,18.04118338,1.538859976,1.538859976,20.12817617,no,no,no,no,0.3,0,0.15,0,0.15,0,0,0,0,0,0,0,0,0.3,0
1341,181,6/9/2015,6,9,2015,Shuler Creek,Cherokee,11,20,0.55,post,shuler,-84.22640063,35.23275203,25,487.9609875,156.0945589,6.262984041,23.74684305,0.398400815,22.64926487,15.24241362,no,no,no,no,0.55,0,0.1,0,0.4,0,0,0,0,0,0,0.05,0,0.55,0
1342,182,6/17/2015,6,17,2015,John's Branch/FS 81C,Graham,2,15,0.133333333,post,johnsb,-84.0055461,35.34360772,33,1129.838464,133.7188154,6.179932667,22.80106404,1.873425578,12.52719575,4.403928074,no,yes,no,no,0.133333333,0,6.67E-02,0,6.67E-02,0,0,0,0,0,0,0,0,0.133333333,0
1343,183,6/22/2015,6,22,2015,Ray's Branch,Macon,2,10,0.2,post,raysbr,-83.54349097,35.19694875,38,872.5998171,99.91651194,8.550260562,14.71342357,1.537849676,7.399609206,1.308110053,no,yes,no,no,0.2,0,0,0,0.2,0,0,0,0,0,0,0,0,0.2,0
1344,184,6/24/2015,6,24,2015,Cold Knob/FS 479H,Buncombe,10,12,0.833333333,post,coldkn,-82.64444762,35.47174946,40,692.1670222,16.59045102,5.50929848,12.52694086,1.331714747,1.331714747,1.497760067,no,no,no,no,0.833333333,0,0.333333333,0,0.416666667,0,0,0,0,0,0,8.33E-02,0,0.833333333,0
1345,185,6/29/2015,6,29,2015,Davidson River/Pisgah Education Center,Transylvania,12,8,1.5,post,davids,-82.79113201,35.28446654,45,712.2828406,41.3553724,7.661548481,7.673378346,0.115026873,2.039609635,1.521593485,no,yes,no,no,1.5,0,0.125,0,0.625,0,0,0.375,0,0,0,0.375,0,1.5,0
1346,186,7/7/2015,7,7,2015,Pigeon River/Twelve Mile,Haywood,5,12,0.416666667,post,pigeon,-83.02490587,35.73228615,53,569.6434014,44.73876252,0.016843061,24.50869573,0.072432153,0.072432153,21.43054305,no,no,no,no,0.416666667,0,0,0,0,0,0.25,0,0,0,0,8.33E-02,0,0.333333333,1
1359,187,7/8/2015,7,8,2015,Nantahala River Bike Path,Macon,5,15,0.333333333,post,nanriv,-83.67235065,35.28247084,54,599.8171289,106.7723152,0.010210332,16.40188765,0.084471906,0.084471906,7.738498158,no,yes,no,no,0.333333333,0,0.333333333,0,0,0,0,0,0,0,0,0,0,0.333333333,0
1347,188,7/9/2015,7,9,2015,A-0009 Site N (FS 404),Graham,25,15,1.666666667,post,fs404,-83.69866445,35.35516704,55,686.3761048,106.5770294,6.388193532,20.55949066,0.011669735,6.85741212,5.79216118,no,yes,yes,yes,1.666666667,0,1.266666667,0,0.333333333,0,0,0,0,0,0,6.67E-02,0,1.666666667,0
1351,189,7/16/2015,7,16,2015,Alarka Laurel 1,Swain,17,20,0.85,post,alarka,-83.35223996,35.33817087,62,1245.047242,77.60157137,7.527673863,12.05086615,2.20725322,7.542582761,1.657052149,no,yes,yes,yes,0.85,0,0.3,0,0.55,0,0,0,0,0,0,0,0,0.85,0
1349,190,7/17/2015,7,17,2015,North Shoals Creek/FS 408,Cherokee,11,12,0.916666667,post,shoals,-84.19098547,35.2177205,63,689.4239561,153.4973115,4.380351476,20.28644135,1.50190801,20.20614973,11.77991947,no,yes,no,no,0.916666667,0,0.833333333,0,0,0,0,0,0,0,8.33E-02,0,0,0.916666667,0
1348,191,7/20/2015,7,20,2015,Big Indian Creek,Macon,1,12,8.33E-02,post,bigind,-83.51028595,35.04443481,66,1070.100579,106.3431807,0.034296445,19.32496387,6.16994825,7.006409144,2.65649465,no,no,no,no,8.33E-02,0,0,0,0,0,0,8.33E-02,0,0,0,0,0,0.083333333,0
1353,192,7/22/2015,7,22,2015,North Harper Creek,Avery,18,16,1.125,post,harper,-81.8527508,36.00956874,68,968.607132,77.70754523,3.91407438,21.02637331,2.285819902,2.292347898,7.275755162,no,yes,no,no,1.125,0,0.9375,0,0.1875,0,0,0,0,0,0,0,0,1.125,0
1354,193,7/23/2015,7,23,2015,Linville River at Pineola,Avery,1,6,0.166666667,post,linvil,-81.89687246,36.01862313,69,1061.566596,75.17331399,0.022179885,18.92669344,0.2140222,1.112626698,10.8122717,yes,yes,yes,yes,0.166666667,0,0,0,0,0,0,0.166666667,0,0,0,0,0,0.166666667,0
1357,194,7/24/2015,7,24,2015,Atkins River,Watauga,4,15,0.266666667,post,atkins,-81.76038894,36.16340945,70,902.1639744,94.91662573,0.017220781,8.031539381,0.054388548,3.49926706,23.20084298,yes,no,no,yes,0.266666667,0,0.133333333,0,0.133333333,0,0,0,0,0,0,0,0,0.266666667,0
1355,195,7/27/2015,7,27,2015,Balsam Road,Mitchell,9,12,0.75,post,balsam,-82.13584091,36.09560803,73,1786.345626,66.8507007,3.204880445,21.15990109,0.967568658,11.10668535,25.94145285,no,no,yes,yes,0.75,0,0,0,0.333333333,0,0,0.416666667,0,0,0,0,0,0.75,0
1356,196,7/28/2015,7,28,2015,FR 496/FR 210 Junction,Burke,6,15,0.4,post,fr496,-81.86852552,35.89776017,74,774.4590064,69.85446141,2.611044592,17.64648516,3.474701996,6.048654013,3.547288678,no,yes,no,no,0.4,0,0.333333333,0,6.67E-02,0,0,0,0,0,0,0,0,0.4,0
1358,197,7/29/2015,7,29,2015,Upper Neals Creek,Yancey,7,15,0.466666667,post,neals,-82.19287729,35.73739261,75,1233.160622,35.82476279,2.416543085,17.51610746,0.09939885,0.09939885,3.890512845,no,no,no,no,0.466666667,0,0.133333333,0,0.333333333,0,0,0,0,0,0,0,0,0.466666667,0
1360,198,8/12/2015,8,12,2015,Hurricane Creek,Haywood,9,12,0.75,post,hurric,-82.98750634,35.72972781,89,818.6528497,41.48408529,3.289134947,23.03106293,2.731999908,3.170537422,19.04988475,no,yes,no,no,0.75,0.25,0,0,0.416666667,0,0,0,0,8.33E-02,0,0,0,0.75,0
2586,199,5/31/2016,5,31,2016,Shuler Creek,Cherokee,15,16,0.9375,post,shuler,-84.22640063,35.23275203,31,487.9609875,156.0945589,6.262984041,23.74684305,0.398400815,22.64926487,15.24241362,no,no,no,no,0.9375,0,0.0625,0.4375,0.4375,0,0,0,0,0,0,0,0,0.9375,0
2587,200,6/1/2016,6,1,2016,John's Branch/FS 81C,Graham,4,16,0.25,post,johnsb,-84.0055461,35.34360772,17,1129.838464,133.7188154,6.179932667,22.80106404,1.873425578,12.52719575,4.403928074,no,yes,no,no,0.25,0,0.125,0,0.125,0,0,0,0,0,0,0,0,0.25,0
2588,201,6/13/2016,6,13,2016,Cold Knob/FS 479H,Buncombe,21,15,1.4,post,coldkn,-82.64444762,35.47174946,29,692.1670222,16.59045102,5.50929848,12.52694086,1.331714747,1.331714747,1.497760067,no,no,no,no,1.4,0,0.533333333,6.67E-02,0.8,0,0,0,0,0,0,0,0,1.4,0
2589,202,6/16/2016,6,16,2016,Davidson River/Pisgah Education Center,Transylvania,14,15,0.933333333,post,davids,-82.79113201,35.28446654,32,712.2828406,41.3553724,7.661548481,7.673378346,0.115026873,2.039609635,1.521593485,no,yes,no,no,0.933333333,0,6.67E-02,0.133333333,0.266666667,0,0,0.333333333,0,0,0,0.133333333,0,0.933333333,0
2590,203,6/20/2016,6,20,2016,Pigeon River/Twelve Mile,Haywood,4,12,0.333333333,post,pigeon,-83.02490587,35.73228615,36,569.6434014,44.73876252,0.016843061,24.50869573,0.072432153,0.072432153,21.43054305,no,no,no,no,0.333333333,0,8.33E-02,0,0.25,0,0,0,0,0,0,0,0,0.333333333,0
2591,204,6/21/2016,6,21,2016,A-0009 Site N (FS 404),Graham,23,20,1.15,post,fs404,-83.69866445,35.35516704,37,686.3761048,106.5770294,6.388193532,20.55949066,0.011669735,6.85741212,5.79216118,no,yes,yes,yes,1.15,0,1,0,0.05,0.05,0,0,0,0,0,0.05,0,1.15,0
2592,205,6/22/2016,6,22,2016,Nantahala River Bike Path,Macon,2,15,0.133333333,post,nanriv,-83.67235065,35.28247084,38,599.8171289,106.7723152,0.010210332,16.40188765,0.084471906,0.084471906,7.738498158,no,yes,no,no,0.133333333,0,0,0,0,0,0,6.67E-02,0,0,0,6.67E-02,0,0.133333333,0
2593,206,6/28/2016,6,28,2016,North Shoals Creek/FS 408,Cherokee,10,15,0.666666667,post,shoals,-84.19098547,35.2177205,44,689.4239561,153.4973115,4.380351476,20.28644135,1.50190801,20.20614973,11.77991947,no,yes,no,no,0.666666667,0,0.6,0,0,0,0,0,0,6.67E-02,0,0,0,0.666666667,0
2594,207,6/30/2016,6,30,2016,Alarka Laurel 1,Swain,19,16,1.1875,post,alarka,-83.35223996,35.33817087,46,1245.047242,77.60157137,7.527673863,12.05086615,2.20725322,7.542582761,1.657052149,no,yes,yes,yes,1.1875,0,0.1875,0,0.8125,0.125,0,0,0,0,0,0.0625,0,1.1875,0
2595,208,7/5/2016,7,5,2016,Upper Curtis Creek Road,McDowell,10,15,0.666666667,post,curtis,-82.19064049,35.7319873,51,1220.664432,35.75492708,2.965582695,17.12895373,0.536006458,0.536006458,3.508606912,no,no,no,no,0.666666667,0,0.333333333,0,0.133333333,0,0,0.2,0,0,0,0,0,0.666666667,0
2596,209,7/7/2016,7,7,2016,Linville River at Pineola,Avery,5,20,0.25,post,linvil,-81.89687246,36.01862313,53,1061.566596,75.17331399,0.022179885,18.92669344,0.2140222,1.112626698,10.8122717,yes,yes,yes,yes,0.25,0,0.1,0,0,0,0,0.05,0.05,0,0,0.05,0,0.25,0
2602,210,7/12/2016,7,12,2016,Upper Neals Creek,Yancey,8,15,0.533333333,post,neals,-82.19287729,35.73739261,58,1233.160622,35.82476279,2.416543085,17.51610746,0.09939885,0.09939885,3.890512845,no,no,no,no,0.533333333,0,0.333333333,0,0,0,0,0.2,0,0,0,0,0,0.533333333,0
2598,211,7/13/2016,7,13,2016,Victor Road Cemetery,McDowell,7,20,0.35,post,victor,-82.16531798,35.78499518,59,1162.450472,40.50018212,1.52869551,17.16335024,0.10430935,0.10430935,6.80028488,no,no,no,no,0.35,0,0.05,0,0.1,0,0,0.2,0,0,0,0,0,0.35,0
2599,212,7/14/2016,7,14,2016,North Harper Creek,Avery,7,15,0.466666667,post,harper,-81.8527508,36.00956874,60,968.607132,77.70754523,3.91407438,21.02637331,2.285819902,2.292347898,7.275755162,no,yes,no,no,0.466666667,0,0.2,0,0.2,0,0,6.67E-02,0,0,0,0,0,0.466666667,0
2600,213,7/15/2016,7,15,2016,Atkins River,Watauga,2,12,0.166666667,post,atkins,-81.76038894,36.16340945,61,902.1639744,94.91662573,0.017220781,8.031539381,0.054388548,3.49926706,23.20084298,yes,no,no,yes,0.166666667,0,0.166666667,0,0,0,0,0,0,0,0,0,0,0.166666667,0
2601,214,7/20/2016,7,20,2016,Ray's Branch,Macon,22,12,1.833333333,post,raysbr,-83.54349097,35.19694875,66,872.5998171,99.91651194,8.550260562,14.71342357,1.537849676,7.399609206,1.308110053,no,yes,no,no,1.833333333,0,1.416666667,0,0.333333333,0,0,8.33E-02,0,0,0,0,0,1.833333333,0
2607,215,8/1/2016,8,1,2016,FR 496/FR 210 Junction,Burke,18,15,1.2,post,fr496,-81.86852552,35.89776017,78,774.4590064,69.85446141,2.611044592,17.64648516,3.474701996,6.048654013,3.547288678,no,yes,no,no,1.2,0,1,0,0.133333333,0,0,6.67E-02,0,0,0,0,0,1.2,0
2608,216,8/8/2016,8,8,2016,Nantahala Dam Road,Macon,10,15,0.666666667,post,nandam,-83.65521478,35.19898384,85,922.5845779,108.8871842,0.021809305,15.24869482,1.264022583,6.70826759,5.957018599,no,yes,yes,yes,0.666666667,0,0.2,0,0.333333333,0,0,6.67E-02,6.67E-02,0,0,0,0,0.666666667,0
2604,217,8/15/2016,8,15,2016,Hurricane Creek,Haywood,5,15,0.333333333,post,hurric,-82.98750634,35.72972781,92,818.6528497,41.48408529,3.289134947,23.03106293,2.731999908,3.170537422,19.04988475,no,yes,no,no,0.333333333,0.333333333,0,0,0,0,0,0,0,0,0,0,0,0.333333333,0
2681,218,6/6/2017,6,6,2017,Shuler Creek,Cherokee,9,20,0.45,post,shuler,-84.22640063,35.23275203,22,487.9609875,156.0945589,6.262984041,23.74684305,0.398400815,22.64926487,15.24241362,no,no,no,no,0.45,0,0.1,0.05,0.2,0,0,0,0,0,0,0.1,0,0.45,0
2682,219,6/8/2017,6,8,2017,Nantahala River Bike Path,Macon,5,12,0.416666667,post,nanriv,-83.67235065,35.28247084,24,599.8171289,106.7723152,0.010210332,16.40188765,0.084471906,0.084471906,7.738498158,no,yes,no,no,0.416666667,0,0,0,0.083333333,0,0,2.50E-01,0,0.083333333,0,0,0,0.416666667,0
2683,220,6/12/2017,6,12,2017,Davidson River/Pisgah Education Center,Transylvania,5,15,0.333333333,post,davids,-82.79113201,35.28446654,28,712.2828406,41.3553724,7.661548481,7.673378346,0.115026873,2.039609635,1.521593485,no,yes,no,no,0.333333333,0,0,0,0.2,0.066666667,0,6.67E-02,0,0,0,0,0,0.333333333,0
2684,221,6/14/2017,6,14,2017,Cold Knob/FS 479H,Buncombe,10,12,0.833333333,post,coldkn,-82.64444762,35.47174946,30,692.1670222,16.59045102,5.50929848,12.52694086,1.331714747,1.331714747,1.497760067,no,no,no,no,0.833333333,0,0.583333333,0,0.166666667,0,0.083333333,0,0,0,0,0,0,0.833333333,0
2685,222,6/20/2017,6,20,2017,John's Branch/FS 81C,Graham,1,20,0.05,post,johnsb,-84.0055461,35.34360772,36,1129.838464,133.7188154,6.179932667,22.80106404,1.873425578,12.52719575,4.403928074,no,yes,no,no,0.05,0,0,0,0,0,0,0,0,0,0,0,0.05,0.05,0
2686,223,6/21/2017,6,21,2017,A-0009 Site N (FS 404),Graham,15,12,1.25,post,fs404,-83.69866445,35.35516704,37,686.3761048,106.5770294,6.388193532,20.55949066,0.011669735,6.85741212,5.79216118,no,yes,yes,yes,1.25,0,1,0,0.166666667,0,0,0,0,0.083333333,0,0,0,1.25,0
2687,224,6/26/2017,6,26,2017,Alarka Laurel 1,Swain,22,16,1.375,post,alarka,-83.35223996,35.33817087,42,1245.047242,77.60157137,7.527673863,12.05086615,2.20725322,7.542582761,1.657052149,no,yes,yes,yes,1.375,0,0.125,0,1.125,0.125,0,0,0,0,0,0,0,1.375,0
2688,225,6/29/2017,6,29,2017,North Shoals Creek/FS 408,Cherokee,15,15,1,post,shoals,-84.19098547,35.2177205,45,689.4239561,153.4973115,4.380351476,20.28644135,1.50190801,20.20614973,11.77991947,no,yes,no,no,1,0,0.666666667,0,0.266666667,0,0,6.67E-02,0,0,0,0,0,1,0
2689,226,7/5/2017,7,5,2017,Pigeon River/Twelve Mile,Haywood,7,9,0.777777778,post,pigeon,-83.02490587,35.73228615,51,569.6434014,44.73876252,0.016843061,24.50869573,0.072432153,0.072432153,21.43054305,no,no,no,no,0.777777778,0,0.222222222,0,0.222222222,0,0.333333333,0,0,0,0,0,0,0.777777778,0
2690,227,7/10/2017,7,10,2017,Upper Neals Creek,Yancey,18,10,1.8,post,neals,-82.19287729,35.73739261,56,1233.160622,35.82476279,2.416543085,17.51610746,0.09939885,0.09939885,3.890512845,no,no,no,no,1.8,0,0.4,0,0.7,0,0,7.00E-01,0,0,0,0,0,1.8,0
2691,228,7/12/2017,7,12,2017,Linville River at Pineola,Avery,7,15,0.466666667,post,linvil,-81.89687246,36.01862313,58,1061.566596,75.17331399,0.022179885,18.92669344,0.2140222,1.112626698,10.8122717,yes,yes,yes,yes,0.466666667,0,0.066666667,0,0,0,0,0.133333333,0.266666667,0,0,0,0,0.466666667,0
2692,229,7/17/2017,7,17,2017,Upper Curtis Creek Road,McDowell,21,15,1.4,post,curtis,-82.19064049,35.7319873,63,1220.664432,35.75492708,2.965582695,17.12895373,0.536006458,0.536006458,3.508606912,no,no,no,no,1.4,0,1.2,0,0.066666667,0,0,1.33E-01,0,0,0,0,0,1.4,0
2693,230,7/18/2017,7,18,2017,FR 496/FR 210 Junction,Burke,6,12,0.5,post,fr496,-81.86852552,35.89776017,64,774.4590064,69.85446141,2.611044592,17.64648516,3.474701996,6.048654013,3.547288678,no,yes,no,no,0.5,0,0.5,0,0,0,0,0,0,0,0,0,0,0.5,0
2694,231,7/19/2017,7,19,2017,Balsam Road,Mitchell,7,12,0.583333333,post,balsam,-82.13584091,36.09560803,65,1786.345626,66.8507007,3.204880445,21.15990109,0.967568658,11.10668535,25.94145285,no,no,yes,yes,0.583333333,0,0,0,0.25,0.166666667,0,8.33E-02,0,0,0,0.083333333,0,0.583333333,0
2695,232,7/20/2017,7,20,2017,North Harper Creek,Avery,17,15,1.133333333,post,harper,-81.8527508,36.00956874,66,968.607132,77.70754523,3.91407438,21.02637331,2.285819902,2.292347898,7.275755162,no,yes,no,no,1.133333333,0,0.666666667,0,0.333333333,0,0,1.33E-01,0,0,0,0,0,1.133333333,0
2696,233,7/24/2017,7,24,2017,Victor Road Cemetery,McDowell,10,15,0.666666667,post,victor,-82.16531798,35.78499518,70,1162.450472,40.50018212,1.52869551,17.16335024,0.10430935,0.10430935,6.80028488,no,no,no,no,0.666666667,0,0.4,0,0.2,0,0,6.67E-02,0,0,0,0,0,0.666666667,0
2697,234,7/25/2017,7,25,2017,Hurricane Creek,Haywood,2,15,0.133333333,post,hurric,-82.98750634,35.72972781,71,818.6528497,41.48408529,3.289134947,23.03106293,2.731999908,3.170537422,19.04988475,no,yes,no,no,0.133333333,0.066666667,0.066666667,0,0,0,0,0,0,0,0,0,0,0.133333333,0
2700,235,7/26/2017,7,26,2017,Ray's Branch,Macon,20,8,2.5,post,raysbr,-83.54349097,35.19694875,72,872.5998171,99.91651194,8.550260562,14.71342357,1.537849676,7.399609206,1.308110053,no,yes,no,no,2.5,0,2,0,0.375,0,0,0,0,0,0,0,0,2.375,1
2699,236,7/31/2017,7,31,2017,Atkins River,Watauga,9,10,0.9,post,atkins,-81.76038894,36.16340945,77,902.1639744,94.91662573,0.017220781,8.031539381,0.054388548,3.49926706,23.20084298,yes,no,no,yes,0.9,0,0.5,0,0.2,0.1,0,1.00E-01,0,0,0,0,0,0.9,0
2701,237,8/2/2017,8,2,2017,Nantahala Dam Road,Macon,8,15,0.533333333,post,nandam,-83.65521478,35.19898384,79,922.5845779,108.8871842,0.021809305,15.24869482,1.264022583,6.70826759,5.957018599,no,yes,yes,yes,0.533333333,0,0.133333333,0,0.266666667,0,0,6.67E-02,0,0,0,0.066666667,0,0.533333333,0
3271,238,5/23/2018,5,23,2018,Shuler Creek,Cherokee,7,20,0.35,post,shuler,-84.22640063,35.23275203,23,487.9609875,156.0945589,6.262984041,23.74684305,0.398400815,22.64926487,15.24241362,no,no,no,no,0.35,0,0,0.1,0.25,0,0,0,0,0,0,0,0,0.35,0
3282,239,6/14/2018,6,14,2018,Cold Knob/FS 479H,Buncombe,9,15,0.6,post,coldkn,-82.64444762,35.47174946,30,692.1670222,16.59045102,5.50929848,12.52694086,1.331714747,1.331714747,1.497760067,no,no,no,no,0.6,0,0.266666667,0,0.2,0,0.066666667,0,0,0,0,0,0,0.8,0
3283,240,6/18/2018,6,18,2018,Nantahala River Bike Path,Macon,1,15,0.066666667,post,nanriv,-83.67235065,35.28247084,34,599.8171289,106.7723152,0.010210332,16.40188765,0.084471906,0.084471906,7.738498158,no,yes,no,no,0.066666667,0,0,0,0,0,0,0,0,0,0,0,0,0.066666667,1
3279,241,6/20/2018,6,20,2018,A-0009 Site N (FS 404),Graham,22,15,1.466666667,post,fs404,-83.69866445,35.35516704,36,686.3761048,106.5770294,6.388193532,20.55949066,0.011669735,6.85741212,5.79216118,no,yes,yes,yes,1.466666667,0,1.4,0,0.066666667,0,0,0,0,0,0,0,0,1.466666667,0
3286,242,6/26/2018,6,26,2018,North Shoals Creek/FS 408,Cherokee,3,15,0.2,post,shoals,-84.19098547,35.2177205,42,689.4239561,153.4973115,4.380351476,20.28644135,1.50190801,20.20614973,11.77991947,no,yes,no,no,0.2,0,0.133333333,0,0.066666667,0,0,0,0,0,0,0,0,0.2,0
3278,243,6/28/2018,6,28,2018,Davidson River/Pisgah Education Center,Transylvania,12,12,1,post,davids,-82.79113201,35.28446654,44,712.2828406,41.3553724,7.661548481,7.673378346,0.115026873,2.039609635,1.521593485,no,yes,no,no,1,0,0,0,0.083333333,0,0.166666667,0.583333333,0.083333333,0,0,0,0,0.916666667,0
3277,244,7/2/2018,7,2,2018,Alarka Laurel 1,Swain,22,16,1.375,post,alarka,-83.35223996,35.33817087,48,1245.047242,77.60157137,7.527673863,12.05086615,2.20725322,7.542582761,1.657052149,no,yes,yes,yes,1.375,0,0.0625,0,1.3125,0,0,0,0,0,0,0,0,1.375,0
3285,245,7/10/2018,7,10,2018,Linville River at Pineola,Avery,4,15,0.266666667,post,linvil,-81.89687246,36.01862313,56,1061.566596,75.17331399,0.022179885,18.92669344,0.2140222,1.112626698,10.8122717,yes,yes,yes,yes,0.266666667,0,0.066666667,0,0.066666667,0.066666667,0,0.066666667,0,0,0,0,0,0.266666667,0
3284,246,7/12/2018,7,12,2018,Atkins River,Watauga,2,10,0.2,post,atkins,-81.76038894,36.16340945,58,902.1639744,94.91662573,0.017220781,8.031539381,0.054388548,3.49926706,23.20084298,yes,no,no,yes,0.2,0,0,0,0.1,0,0,0.1,0,0,0,0,0,0.2,0
3276,247,7/16/2018,7,16,2018,Pigeon River/Twelve Mile,Haywood,29,12,2.416666667,post,pigeon,-83.02490587,35.73228615,62,569.6434014,44.73876252,0.016843061,24.50869573,0.072432153,0.072432153,21.43054305,no,no,no,no,2.416666667,0,0,0,0.083333333,0,2.25,0,0,0,0,0,0,2.333333333,0
3288,248,7/26/2018,7,26,2018,Balsam Road,Mitchell,7,15,0.466666667,post,balsam,-82.13584091,36.09560803,72,1786.345626,66.8507007,3.204880445,21.15990109,0.967568658,11.10668535,25.94145285,no,no,yes,yes,0.466666667,0,0,0,0.266666667,0,0,0.2,0,0,0,0,0,0.466666667,0
3287,249,8/6/2018,8,6,2018,Upper Curtis Creek Road,McDowell,9,15,0.6,post,curtis,-82.19064049,35.7319873,83,1220.664432,35.75492708,2.965582695,17.12895373,0.536006458,0.536006458,3.508606912,no,no,no,no,0.6,0,0.466666667,0,0.133333333,0,0,0,0,0,0,0,0,0.6,0
3289,250,8/14/2018,8,14,2018,Hurricane Creek,Haywood,8,15,0.533333333,post,hurric,-82.98750634,35.72972781,91,818.6528497,41.48408529,3.289134947,23.03106293,2.731999908,3.170537422,19.04988475,no,yes,no,no,0.533333333,0.466666667,6.67E-02,0,0,0,0,0,0,0,0,0,0,0.533333333,0
